{
  "loss": [
    0.12722671031951904,
    0.08375761657953262,
    0.07531298696994781,
    0.0710790827870369,
    0.06973586231470108,
    0.06752661615610123,
    0.06574146449565887,
    0.06492168456315994,
    0.05933735519647598,
    0.059072498232126236,
    0.05872345343232155,
    0.05880090966820717,
    0.05839357152581215,
    0.05833129212260246,
    0.05759164318442345,
    0.057159747928380966,
    0.05551638826727867,
    0.055124640464782715,
    0.05525796487927437,
    0.054650772362947464,
    0.05445437505841255
  ],
  "masked_mae": [
    0.27125731110572815,
    0.22103367745876312,
    0.20791658759117126,
    0.20102916657924652,
    0.19865258038043976,
    0.19518433511257172,
    0.19180501997470856,
    0.19079463183879852,
    0.18005220592021942,
    0.1797146201133728,
    0.17936502397060394,
    0.17953002452850342,
    0.17848865687847137,
    0.17858050763607025,
    0.1772935837507248,
    0.17646603286266327,
    0.17304794490337372,
    0.17243769764900208,
    0.17257948219776154,
    0.17145384848117828,
    0.17111189663410187
  ],
  "masked_rmse": [
    0.34433022141456604,
    0.2862423360347748,
    0.27201342582702637,
    0.26437777280807495,
    0.2618064284324646,
    0.257840096950531,
    0.25444912910461426,
    0.25281062722206116,
    0.241675466299057,
    0.2411835491657257,
    0.24069511890411377,
    0.24072293937206268,
    0.23977842926979065,
    0.23967456817626953,
    0.23819600045681,
    0.23735320568084717,
    0.23388637602329254,
    0.23325450718402863,
    0.2331814467906952,
    0.23212461173534393,
    0.2317505180835724
  ],
  "val_loss": [
    0.1003650426864624,
    0.06739895790815353,
    0.05601289123296738,
    0.06379898637533188,
    0.06105029582977295,
    0.06150059774518013,
    0.06652390956878662,
    0.07425248622894287,
    0.05803899094462395,
    0.05025015398859978,
    0.04865768551826477,
    0.053091950714588165,
    0.05212279409170151,
    0.04922300577163696,
    0.05626709759235382,
    0.05125856399536133,
    0.05098828300833702,
    0.054170481860637665,
    0.04949578642845154,
    0.051483578979969025,
    0.05240413546562195
  ],
  "val_masked_mae": [
    0.24973879754543304,
    0.19841733574867249,
    0.17883984744548798,
    0.19628484547138214,
    0.18638776242733002,
    0.1855364441871643,
    0.20179423689842224,
    0.21128980815410614,
    0.1807107925415039,
    0.16461779177188873,
    0.16263723373413086,
    0.17162828147411346,
    0.16987012326717377,
    0.16434650123119354,
    0.1773764193058014,
    0.16719096899032593,
    0.16713538765907288,
    0.17126892507076263,
    0.1642179787158966,
    0.1683652400970459,
    0.17084254324436188
  ],
  "val_masked_rmse": [
    0.304032564163208,
    0.25168871879577637,
    0.23177993297576904,
    0.24854671955108643,
    0.24159842729568481,
    0.23947525024414062,
    0.25100064277648926,
    0.2619025707244873,
    0.23294445872306824,
    0.21823571622371674,
    0.21624277532100677,
    0.2237221598625183,
    0.22204376757144928,
    0.21804800629615784,
    0.22944606840610504,
    0.22029174864292145,
    0.2196159064769745,
    0.22460010647773743,
    0.21745732426643372,
    0.21997125446796417,
    0.22178754210472107
  ],
  "learning_rate": [
    0.0003000000142492354,
    0.0003000000142492354,
    0.0003000000142492354,
    0.0003000000142492354,
    0.0003000000142492354,
    0.0003000000142492354,
    0.0003000000142492354,
    0.0003000000142492354,
    0.0001500000071246177,
    0.0001500000071246177,
    0.0001500000071246177,
    0.0001500000071246177,
    0.0001500000071246177,
    0.0001500000071246177,
    0.0001500000071246177,
    0.0001500000071246177,
    7.500000356230885e-05,
    7.500000356230885e-05,
    7.500000356230885e-05,
    7.500000356230885e-05,
    7.500000356230885e-05
  ]
}