{
  "loss": [
    0.24575307965278625,
    0.06017071753740311,
    0.05905546993017197,
    0.058992259204387665,
    0.05879944562911987,
    0.058696385473012924,
    0.058353498578071594,
    0.058102965354919434,
    0.05791674181818962,
    0.05780617147684097,
    0.05766156315803528,
    0.05755133926868439,
    0.05738977715373039,
    0.05720946565270424,
    0.057146720588207245,
    0.056785013526678085,
    0.05682092159986496,
    0.05672710761427879,
    0.05659135431051254,
    0.05652675777673721,
    0.05628354102373123,
    0.056187596172094345,
    0.05611921101808548,
    0.0561014749109745,
    0.05578530952334404,
    0.05585109815001488,
    0.055582329630851746,
    0.05572838708758354,
    0.055457890033721924,
    0.05519077926874161,
    0.05528002977371216,
    0.05499899759888649,
    0.05502402037382126,
    0.05488458275794983,
    0.054687000811100006,
    0.054724086076021194,
    0.05447272211313248,
    0.05462133511900902,
    0.05463554710149765,
    0.054458096623420715,
    0.05429350212216377,
    0.054369132965803146,
    0.05415987968444824,
    0.05436162278056145,
    0.05424158647656441,
    0.054055359214544296,
    0.05414292961359024,
    0.05413169413805008,
    0.05407179147005081,
    0.054131876677274704,
    0.05403335392475128,
    0.05419869348406792,
    0.053704485297203064,
    0.054209936410188675,
    0.05376870185136795,
    0.053992122411727905,
    0.05387058109045029,
    0.05388729274272919,
    0.05404490977525711,
    0.053737711161375046,
    0.05385155975818634,
    0.05390219762921333,
    0.05386251583695412,
    0.0538492277264595,
    0.05376219004392624,
    0.05391216278076172,
    0.05379467085003853,
    0.05396436154842377,
    0.05379106104373932,
    0.053656190633773804
  ],
  "masked_mae": [
    0.35596218705177307,
    0.17667900025844574,
    0.17482586205005646,
    0.17464621365070343,
    0.17433443665504456,
    0.17422814667224884,
    0.17379944026470184,
    0.17342786490917206,
    0.17312198877334595,
    0.17298561334609985,
    0.1728164255619049,
    0.17255070805549622,
    0.17240077257156372,
    0.17211565375328064,
    0.17199468612670898,
    0.17144781351089478,
    0.17151214182376862,
    0.17133930325508118,
    0.17116683721542358,
    0.17110168933868408,
    0.17078053951263428,
    0.17059288918972015,
    0.17055001854896545,
    0.1705162227153778,
    0.17007464170455933,
    0.17013803124427795,
    0.16989292204380035,
    0.17001797258853912,
    0.1696944385766983,
    0.16927310824394226,
    0.169394850730896,
    0.16896682977676392,
    0.1690915822982788,
    0.16886302828788757,
    0.16854006052017212,
    0.16859523952007294,
    0.16821694374084473,
    0.16842399537563324,
    0.16846276819705963,
    0.16828402876853943,
    0.1679210513830185,
    0.168101504445076,
    0.16777992248535156,
    0.16809558868408203,
    0.16785232722759247,
    0.16769643127918243,
    0.16775670647621155,
    0.16781751811504364,
    0.16767671704292297,
    0.16774393618106842,
    0.16764923930168152,
    0.16780826449394226,
    0.16716311872005463,
    0.16786891222000122,
    0.16723202168941498,
    0.1675720512866974,
    0.1674201637506485,
    0.16730618476867676,
    0.1676320731639862,
    0.16719849407672882,
    0.16734978556632996,
    0.1673751175403595,
    0.16734127700328827,
    0.16735370457172394,
    0.1671956479549408,
    0.16750793159008026,
    0.16712841391563416,
    0.16755543649196625,
    0.16726292669773102,
    0.16700467467308044
  ],
  "masked_rmse": [
    0.4626990258693695,
    0.2435825616121292,
    0.24147334694862366,
    0.24124307930469513,
    0.2407882809638977,
    0.2406149059534073,
    0.2399793416261673,
    0.23935535550117493,
    0.23884470760822296,
    0.23871706426143646,
    0.23851455748081207,
    0.238158717751503,
    0.23783421516418457,
    0.2374279946088791,
    0.23734505474567413,
    0.2366614192724228,
    0.2366422563791275,
    0.23664672672748566,
    0.23609963059425354,
    0.236138254404068,
    0.23563721776008606,
    0.23537985980510712,
    0.23517972230911255,
    0.23515523970127106,
    0.2345007210969925,
    0.2347276359796524,
    0.2340114563703537,
    0.23448963463306427,
    0.23392552137374878,
    0.23323357105255127,
    0.2334911823272705,
    0.23294854164123535,
    0.23289929330348969,
    0.2326505333185196,
    0.23216979205608368,
    0.2322714626789093,
    0.23180773854255676,
    0.2321164608001709,
    0.23219667375087738,
    0.23169752955436707,
    0.23140932619571686,
    0.2314578741788864,
    0.23107506334781647,
    0.2314777821302414,
    0.23128309845924377,
    0.230865478515625,
    0.23110494017601013,
    0.23104596138000488,
    0.23089690506458282,
    0.2310575693845749,
    0.23085816204547882,
    0.23116174340248108,
    0.23021194338798523,
    0.23114103078842163,
    0.2302711009979248,
    0.2307063639163971,
    0.23059312999248505,
    0.23054367303848267,
    0.23083515465259552,
    0.23010948300361633,
    0.23046909272670746,
    0.2304932028055191,
    0.23040452599525452,
    0.23043793439865112,
    0.23022836446762085,
    0.23057177662849426,
    0.2302750051021576,
    0.23069843649864197,
    0.23037773370742798,
    0.23001012206077576
  ],
  "val_loss": [
    0.06592687964439392,
    0.053141575306653976,
    0.05321020260453224,
    0.05303249508142471,
    0.05260847881436348,
    0.05269244685769081,
    0.05264187976717949,
    0.05202364921569824,
    0.05230192467570305,
    0.05122382566332817,
    0.05158776417374611,
    0.05185350030660629,
    0.051503218710422516,
    0.051372628659009933,
    0.052437905222177505,
    0.05150415748357773,
    0.0505114309489727,
    0.05168037861585617,
    0.05108017846941948,
    0.05056031420826912,
    0.05018525570631027,
    0.050027839839458466,
    0.050374142825603485,
    0.05038824304938316,
    0.04986051842570305,
    0.05053345113992691,
    0.04959648475050926,
    0.05029558390378952,
    0.04889979958534241,
    0.04934660717844963,
    0.05005811154842377,
    0.049933597445487976,
    0.04957466945052147,
    0.04880492389202118,
    0.04819145053625107,
    0.048548948019742966,
    0.048193883150815964,
    0.049542270600795746,
    0.048409320414066315,
    0.04822874069213867,
    0.04823484271764755,
    0.04792308062314987,
    0.04813321307301521,
    0.04837678000330925,
    0.04815903678536415,
    0.04889792576432228,
    0.047729603946208954,
    0.0481158010661602,
    0.04788428172469139,
    0.04801178723573685,
    0.04770731180906296,
    0.04826722294092178,
    0.04799344018101692,
    0.0479641892015934,
    0.047910936176776886,
    0.04796529933810234,
    0.047777190804481506,
    0.04781727492809296,
    0.047782331705093384,
    0.047633495181798935,
    0.04784895479679108,
    0.047768913209438324,
    0.04778457060456276,
    0.04772116243839264,
    0.04767576605081558,
    0.04769067093729973,
    0.047749150544404984,
    0.047732897102832794,
    0.04767946898937225,
    0.04769192636013031
  ],