{
  "loss": [
    0.09439640492200851,
    0.0689108744263649,
    0.06724537909030914,
    0.06598598510026932,
    0.06548729538917542,
    0.06385621428489685,
    0.06157378852367401,
    0.060612816363573074,
    0.058614276349544525,
    0.05763281136751175,
    0.056318242102861404,
    0.05556017905473709,
    0.05485649034380913,
    0.054264798760414124,
    0.053759507834911346,
    0.05321143940091133,
    0.05300579592585564,
    0.05268760398030281,
    0.052397772669792175,
    0.051862169057130814,
    0.05169203132390976,
    0.05166207626461983,
    0.051494404673576355,
    0.051506392657756805,
    0.0512089729309082,
    0.051290303468704224,
    0.050878752022981644,
    0.05109763145446777,
    0.05082456395030022,
    0.05064889043569565,
    0.05082309618592262,
    0.05059817433357239,
    0.05061531439423561,
    0.050575338304042816,
    0.05044310912489891,
    0.05050273984670639,
    0.05030155926942825,
    0.050501324236392975,
    0.0504794642329216,
    0.0502823181450367,
    0.05032970383763313,
    0.0503547377884388,
    0.05017569661140442,
    0.05040295049548149,
    0.050318893045186996,
    0.050067853182554245,
    0.05018395185470581,
    0.050074249505996704,
    0.05007006600499153,
    0.050136126577854156,
    0.050013523548841476,
    0.0501762330532074,
    0.04980624094605446,
    0.05026562511920929,
    0.04988517984747887,
    0.05004468932747841,
    0.05002758651971817,
    0.049967680126428604,
    0.050254419445991516,
    0.0498083233833313,
    0.049972012639045715
  ],
  "masked_mae": [
    0.22436262667179108,
    0.1925930231809616,
    0.18974240124225616,
    0.18750648200511932,
    0.1867711842060089,
    0.18414869904518127,
    0.18091502785682678,
    0.1795521229505539,
    0.17636287212371826,
    0.1747523695230484,
    0.17276135087013245,
    0.17138426005840302,
    0.16996899247169495,
    0.16907072067260742,
    0.1680223047733307,
    0.1670476198196411,
    0.16664884984493256,
    0.1660868227481842,
    0.16552472114562988,
    0.1647082418203354,
    0.16439969837665558,
    0.1643633395433426,
    0.16405291855335236,
    0.16412311792373657,
    0.1636403203010559,
    0.16372370719909668,
    0.1631530374288559,
    0.16340279579162598,
    0.16304565966129303,
    0.16276150941848755,
    0.1630343645811081,
    0.1626909077167511,
    0.16278329491615295,
    0.1626678705215454,
    0.16242378950119019,
    0.16252988576889038,
    0.16223424673080444,
    0.16249942779541016,
    0.16241973638534546,
    0.16227053105831146,
    0.1622246354818344,
    0.16228289902210236,
    0.16202375292778015,
    0.1623908132314682,
    0.1622164398431778,
    0.1619364470243454,
    0.1619948148727417,
    0.1618887037038803,
    0.16185380518436432,
    0.16196338832378387,
    0.16184782981872559,
    0.16199734807014465,
    0.16148866713047028,
    0.16216188669204712,
    0.16157521307468414,
    0.16182057559490204,
    0.16181600093841553,
    0.16160233318805695,
    0.1621355414390564,
    0.16146942973136902,
    0.16169199347496033
  ],
  "masked_rmse": [
    0.2976681888103485,
    0.26077598333358765,
    0.2577877938747406,
    0.25522804260253906,
    0.2541390359401703,
    0.2509669363498688,
    0.24653524160385132,
    0.24449515342712402,
    0.2402956336736679,
    0.23829224705696106,
    0.23570142686367035,
    0.23398464918136597,
    0.2324683666229248,
    0.2311973124742508,
    0.23013009130954742,
    0.2290179282426834,
    0.22847120463848114,
    0.2279840111732483,
    0.22708569467067719,
    0.22614547610282898,
    0.22574938833713531,
    0.22563503682613373,
    0.2251856029033661,
    0.2252688705921173,
    0.2246299386024475,
    0.22487473487854004,
    0.22386275231838226,
    0.2244866043329239,
    0.22388680279254913,
    0.22338150441646576,
    0.2238372415304184,
    0.2233753800392151,
    0.22335726022720337,
    0.2232782542705536,
    0.2229306548833847,
    0.22309154272079468,
    0.2227351814508438,
    0.2231467366218567,
    0.22315825521945953,
    0.22261404991149902,
    0.22278431057929993,
    0.22272388637065887,
    0.22238758206367493,
    0.22285814583301544,
    0.22274261713027954,
    0.22215239703655243,
    0.22246038913726807,
    0.2221664935350418,
    0.22214433550834656,
    0.22233837842941284,
    0.22206594049930573,
    0.2223789095878601,
    0.22166670858860016,
    0.2225237339735031,
    0.22173994779586792,
    0.22207243740558624,
    0.2221972495317459,
    0.22197888791561127,
    0.2225681096315384,
    0.22151030600070953,
    0.2219674438238144
  ],
  "val_loss": [
    0.057563070207834244,
    0.06686854362487793,
    0.05497172847390175,
    0.056591276079416275,
    0.05458856374025345,
    0.05746866390109062,
    0.053148556500673294,
    0.05188596248626709,
    0.053680043667554855,
    0.04974578693509102,
    0.05049975588917732,
    0.05096624046564102,
    0.047432128340005875,
    0.04728810489177704,
    0.04750263690948486,
    0.04959017038345337,
    0.04737046733498573,
    0.047951750457286835,
    0.04729408398270607,
    0.046168889850378036,
    0.04523685202002525,
    0.04518437013030052,
    0.04537772387266159,
    0.04640646651387215,
    0.04537032172083855,
    0.04638130962848663,
    0.04522160440683365,
    0.04507435858249664,
    0.04473836347460747,
    0.04537450894713402,
    0.04506840929389,
    0.04608280584216118,
    0.04472997412085533,
    0.04477304965257645,
    0.044443197548389435,
    0.044978395104408264,
    0.044613584876060486,
    0.044598545879125595,
    0.04454948753118515,
    0.044304873794317245,
    0.0445907823741436,
    0.04455702751874924,
    0.04446360096335411,
    0.0444970540702343,
    0.0446082167327404,
    0.04450206458568573,
    0.04430414363741875,
    0.0446833111345768,
    0.04461788386106491,
    0.044624172151088715,
    0.044291235506534576,
    0.044552817940711975,
    0.044605206698179245,
    0.04458882287144661,
    0.04441365972161293,
    0.044458262622356415,
    0.044426079839468,
    0.04443158954381943,
    0.04439988732337952,
    0.0443868488073349,
    0.04445936530828476
  ],
  "val_masked_mae": [
    0.1767093688249588,
    0.19204716384410858,
    0.17182278633117676,
    0.17664143443107605,
    0.17165687680244446,
    0.1758321076631546,
    0.17019279301166534,
    0.16893306374549866,
    0.1712556779384613,
    0.16395461559295654,
    0.16641293466091156,
    0.1655767858028412,
    0.1604021042585373,
    0.15961869060993195,
    0.16023047268390656,
    0.1637018471956253,
    0.15964031219482422,
    0.1607658565044403,
    0.16064831614494324,
    0.15781788527965546,
    0.15594837069511414,
    0.15571308135986328,
    0.15605755150318146,
    0.1583598405122757,
    0.15612837672233582,
    0.15821246802806854,
    0.15571771562099457,
    0.15580518543720245,
    0.15506082773208618,
    0.1566380113363266,
    0.1556171327829361,
    0.15767157077789307,
    0.15528732538223267,
    0.15527093410491943,
    0.15466691553592682,
    0.1556352972984314,
    0.15491463243961334,
    0.15482357144355774,
    0.15481899678707123,
    0.1544816642999649,
    0.1548832356929779,
    0.15499529242515564,
    0.15465575456619263,
    0.1549079269170761,
    0.1548030525445938,
    0.15481218695640564,
    0.1543317437171936,
    0.15495634078979492,
    0.15498794615268707,
    0.15497221052646637,
    0.1543653905391693,
    0.1548951119184494,
    0.15498685836791992,
    0.15493977069854736,
    0.15462805330753326,
    0.1546417623758316,
    0.15459704399108887,
    0.15463854372501373,
    0.1545310765504837,
    0.15452450513839722,
    0.1546836942434311
  ],