{
  "loss": [
    0.05977483093738556,
    0.05871341750025749,
    0.05759289115667343,
    0.056895818561315536,
    0.0560799203813076,
    0.055391035974025726,
    0.05465111508965492,
    0.05440196022391319,
    0.05378345772624016,
    0.05350305140018463,
    0.05318163335323334,
    0.05280567333102226,
    0.052707333117723465,
    0.05249064788222313,
    0.05236745998263359,
    0.05208904668688774,
    0.05208941176533699,
    0.05199780315160751,
    0.051886215806007385,
    0.05186064913868904,
    0.05160987749695778,
    0.051678068935871124,
    0.05155519023537636,
    0.05151982977986336,
    0.05134487524628639,
    0.05142967030405998,
    0.05092405155301094,
    0.05112743750214577,
    0.05083383992314339,
    0.05074946954846382,
    0.050819460302591324,
    0.05074691399931908,
    0.050753943622112274,
    0.05071044713258743,
    0.05056850612163544,
    0.0505940206348896,
    0.05036281794309616,
    0.05050986260175705,
    0.05059909448027611,
    0.05042044818401337,
    0.05040647089481354,
    0.050415247678756714,
    0.050243884325027466,
    0.05053996667265892,
    0.05036631226539612,
    0.05021558701992035,
    0.05029192194342613,
    0.05022651329636574,
    0.05017278343439102,
    0.05021442472934723
  ],
  "masked_mae": [
    0.17612437903881073,
    0.17425380647182465,
    0.17275141179561615,
    0.17181579768657684,
    0.17072562873363495,
    0.16983893513679504,
    0.16873806715011597,
    0.16828878223896027,
    0.167428657412529,
    0.16698399186134338,
    0.1665433645248413,
    0.16598814725875854,
    0.1658005714416504,
    0.1655185967683792,
    0.16528551280498505,
    0.1648554503917694,
    0.16481509804725647,
    0.16469651460647583,
    0.16446655988693237,
    0.16452057659626007,
    0.16410814225673676,
    0.16421426832675934,
    0.16400033235549927,
    0.1640119105577469,
    0.16372929513454437,
    0.16378594934940338,
    0.16309261322021484,
    0.16333632171154022,
    0.162923201918602,
    0.16278214752674103,
    0.16293135285377502,
    0.16281390190124512,
    0.16282203793525696,
    0.16274745762348175,
    0.16252566874027252,
    0.16253376007080078,
    0.16228000819683075,
    0.162418395280838,
    0.1625051647424698,
    0.16234351694583893,
    0.16225239634513855,
    0.16231614351272583,
    0.16205264627933502,
    0.1624983251094818,
    0.16217170655727386,
    0.16206222772598267,
    0.1620844453573227,
    0.16202987730503082,
    0.1619076281785965,
    0.16197603940963745
  ],
  "masked_rmse": [
    0.24290168285369873,
    0.24052681028842926,
    0.23837444186210632,
    0.2368774712085724,
    0.23510952293872833,
    0.23368531465530396,
    0.23218968510627747,
    0.23149387538433075,
    0.23008370399475098,
    0.22955003380775452,
    0.2289752960205078,
    0.2281074970960617,
    0.22781020402908325,
    0.22737865149974823,
    0.2271384298801422,
    0.22662019729614258,
    0.22650448977947235,
    0.22649183869361877,
    0.2259962111711502,
    0.2261580526828766,
    0.2255779206752777,
    0.2256554365158081,
    0.2253379374742508,
    0.2253187745809555,
    0.22493785619735718,
    0.22519001364707947,
    0.22396935522556305,
    0.22456839680671692,
    0.22394083440303802,
    0.2236156463623047,
    0.22385165095329285,
    0.22371946275234222,
    0.22364111244678497,
    0.22357837855815887,
    0.22321823239326477,
    0.22329814732074738,
    0.2228962779045105,
    0.22319136559963226,
    0.22344224154949188,
    0.2229422777891159,
    0.2229435294866562,
    0.22289273142814636,
    0.22255364060401917,
    0.22318990528583527,
    0.22286169230937958,
    0.2224694937467575,
    0.2227236032485962,
    0.22254736721515656,
    0.22238825261592865,
    0.22251395881175995
  ],
  "val_loss": [
    0.05319802090525627,
    0.05188983678817749,
    0.05124065279960632,
    0.050728149712085724,
    0.0496080256998539,
    0.04866282269358635,
    0.04852485656738281,
    0.04863467440009117,
    0.047958601266145706,
    0.04675571247935295,
    0.0466722697019577,
    0.04661520570516586,
    0.04655074328184128,
    0.046187568455934525,
    0.04693497344851494,
    0.046673282980918884,
    0.04587675258517265,
    0.04726635664701462,
    0.04672418534755707,
    0.04615207016468048,
    0.04528454691171646,
    0.045886795967817307,
    0.045644450932741165,
    0.04606121778488159,
    0.04582793638110161,
    0.04567449912428856,
    0.04562804102897644,
    0.04547043517231941,
    0.04511921852827072,
    0.045414380729198456,
    0.04564420133829117,
    0.04562195762991905,
    0.04526828974485397,
    0.04519472271203995,
    0.04483332857489586,
    0.04530677944421768,
    0.0449616014957428,
    0.045005761086940765,
    0.04493798315525055,
    0.044690560549497604,
    0.044853005558252335,
    0.044913094490766525,
    0.044790126383304596,
    0.04488278925418854,
    0.04504203796386719,
    0.04499874636530876,
    0.04481840133666992,
    0.04483469948172569,
    0.04491761699318886,
    0.044969018548727036
  ],
  "val_masked_mae": [
    0.1681116670370102,
    0.16623003780841827,
    0.16525349020957947,
    0.16464801132678986,
    0.16323524713516235,
    0.16161096096038818,
    0.1614050716161728,
    0.1618654578924179,
    0.1602284163236618,
    0.15829317271709442,
    0.15820680558681488,
    0.15817216038703918,
    0.1581319123506546,
    0.15750238299369812,
    0.15867093205451965,
    0.1583588421344757,
    0.15710018575191498,
    0.1594160497188568,
    0.1595444679260254,
    0.15767565369606018,
    0.15604497492313385,
    0.15679049491882324,
    0.1566111445426941,
    0.1576760709285736,
    0.15688906610012054,
    0.15675760805606842,
    0.15653732419013977,
    0.156582772731781,
    0.15584348142147064,
    0.1568157970905304,
    0.1566162109375,
    0.15688249468803406,
    0.15642769634723663,
    0.15611663460731506,
    0.1554977148771286,
    0.15638667345046997,
    0.1556682139635086,
    0.15578874945640564,
    0.15560249984264374,
    0.15528449416160583,
    0.1555681973695755,
    0.1557496041059494,
    0.15546512603759766,
    0.15568628907203674,
    0.1556670069694519,
    0.15582185983657837,
    0.15546630322933197,
    0.15541362762451172,
    0.15573661029338837,
    0.15574166178703308
  ],
  "val_masked_rmse": [
    0.225863978266716,
    0.2230440229177475,
    0.221360445022583,
    0.2201637327671051,
    0.21786364912986755,
    0.21580886840820312,
    0.2153063714504242,
    0.21564096212387085,
    0.21377989649772644,
    0.21153129637241364,
    0.21122242510318756,
    0.21122369170188904,
    0.21068717539310455,
    0.21031007170677185,
    0.21148796379566193,
    0.21093665063381195,
    0.2095552682876587,
    0.21194733679294586,
    0.21201466023921967,
    0.2103113979101181,
    0.20840974152088165,
    0.20957696437835693,
    0.2089373916387558,
    0.20967283844947815,
    0.2092922329902649,
    0.20908696949481964,
    0.2085794061422348,
    0.2085576355457306,
    0.2078295648097992,
    0.20872439444065094,
    0.20862963795661926,
    0.20878560841083527,
    0.20833490788936615,
    0.208083376288414,
    0.2074003964662552,
    0.20822589099407196,
    0.20746837556362152,
    0.20762866735458374,
    0.20753897726535797,
    0.2070510983467102,
    0.20733211934566498,
    0.20769071578979492,
    0.20722779631614685,
    0.20760853588581085,
    0.2074296772480011,
    0.207479789853096,
    0.20719222724437714,
    0.20716294646263123,
    0.20750175416469574,
    0.20753556489944458
  ],