{
  "loss": [
    0.07010340690612793,
    0.05811968073248863,
    0.05769461765885353,
    0.056344255805015564,
    0.05545609071850777,
    0.05493656545877457,
    0.054302338510751724,
    0.0536678284406662,
    0.05319210886955261,
    0.05303283408284187,
    0.052612509578466415,
    0.05249045416712761,
    0.05237774923443794,
    0.052274275571107864,
    0.05216991901397705,
    0.05197148397564888,
    0.05168195441365242,
    0.05146292969584465,
    0.05143414065241814,
    0.05150795727968216,
    0.05134284123778343,
    0.051363322883844376,
    0.05103683844208717,
    0.05110230669379234,
    0.05093735083937645,
    0.05090663954615593,
    0.0508386567234993,
    0.05091683939099312,
    0.05075050890445709,
    0.05061773583292961,
    0.05076054856181145,
    0.05060071870684624,
    0.05060731619596481,
    0.050559740513563156,
    0.0505496971309185,
    0.050618551671504974,
    0.050381697714328766,
    0.0506284236907959,
    0.050643905997276306,
    0.05044989660382271,
    0.050463106483221054,
    0.05054529383778572,
    0.050428759306669235,
    0.050654131919145584,
    0.05055500194430351,
    0.05027221143245697,
    0.05047482252120972,
    0.05034200847148895,
    0.050301820039749146,
    0.05040590465068817,
    0.05035105347633362,
    0.050532471388578415
  ],
  "masked_mae": [
    0.18536697328090668,
    0.17403842508792877,
    0.17342455685138702,
    0.17144528031349182,
    0.17019949853420258,
    0.16946643590927124,
    0.16861674189567566,
    0.16761387884616852,
    0.1669044941663742,
    0.1666438728570938,
    0.16607946157455444,
    0.16586023569107056,
    0.16565537452697754,
    0.16556304693222046,
    0.16535693407058716,
    0.16497766971588135,
    0.16438879072666168,
    0.16413505375385284,
    0.1640627384185791,
    0.164216086268425,
    0.16392436623573303,
    0.16402411460876465,
    0.16339896619319916,
    0.16354422271251678,
    0.16324831545352936,
    0.16320660710334778,
    0.1631646752357483,
    0.16320723295211792,
    0.1629853993654251,
    0.16274675726890564,
    0.16301409900188446,
    0.16275344789028168,
    0.16281917691230774,
    0.162720188498497,
    0.16270913183689117,
    0.16275794804096222,
    0.16242823004722595,
    0.16273918747901917,
    0.1627824753522873,
    0.1625915765762329,
    0.16244588792324066,
    0.16261927783489227,
    0.1624872088432312,
    0.16285200417041779,
    0.16262950003147125,
    0.1623288244009018,
    0.16255861520767212,
    0.16237328946590424,
    0.1622771918773651,
    0.16242966055870056,
    0.16240061819553375,
    0.16258257627487183
  ],
  "masked_rmse": [
    0.2533375024795532,
    0.23926936089992523,
    0.23854853212833405,
    0.23567070066928864,
    0.23371700942516327,
    0.23264582455158234,
    0.23136675357818604,
    0.22985869646072388,
    0.22871911525726318,
    0.2284487634897232,
    0.2276894450187683,
    0.22729554772377014,
    0.22704504430294037,
    0.22681087255477905,
    0.22663328051567078,
    0.22623509168624878,
    0.22550232708454132,
    0.2252802699804306,
    0.22489497065544128,
    0.2252650409936905,
    0.22491104900836945,
    0.22491763532161713,
    0.22414115071296692,
    0.22431202232837677,
    0.22395916283130646,
    0.2239617109298706,
    0.22369104623794556,
    0.2240077406167984,
    0.22363659739494324,
    0.2232024222612381,
    0.223622664809227,
    0.22332294285297394,
    0.22326907515525818,
    0.22316132485866547,
    0.22309595346450806,
    0.22323164343833923,
    0.22283053398132324,
    0.22335028648376465,
    0.22344689071178436,
    0.22288842499256134,
    0.22298701107501984,
    0.22303248941898346,
    0.2228555679321289,
    0.2233109325170517,
    0.22317661345005035,
    0.2225232869386673,
    0.2230110615491867,
    0.22268302738666534,
    0.22257867455482483,
    0.22283388674259186,
    0.22271829843521118,
    0.22308047115802765
  ],
  "val_loss": [
    0.0535731203854084,
    0.05374123156070709,
    0.052626874297857285,
    0.05614627152681351,
    0.05540454760193825,
    0.0516342967748642,
    0.049539051949977875,
    0.04977411404252052,
    0.049943894147872925,
    0.04763800650835037,
    0.04749773070216179,
    0.04880019649863243,
    0.048115167766809464,
    0.050554607063531876,
    0.048229899257421494,
    0.0514979250729084,
    0.04583722725510597,
    0.04960225895047188,
    0.04863520711660385,
    0.046533968299627304,
    0.046392254531383514,
    0.04579975828528404,
    0.045946892350912094,
    0.04832411929965019,
    0.04580148681998253,
    0.04648618400096893,
    0.0466763973236084,
    0.0463649146258831,
    0.04567210003733635,
    0.04593025892972946,
    0.04583447054028511,
    0.0471336655318737,
    0.0459175780415535,
    0.04584863409399986,
    0.04555908218026161,
    0.04561362415552139,
    0.04558644816279411,
    0.04538580775260925,
    0.045385055243968964,
    0.04535629227757454,
    0.04561765119433403,
    0.045063283294439316,
    0.045555006712675095,
    0.045450299978256226,
    0.04558074101805687,
    0.04652019217610359,
    0.045364007353782654,
    0.045703236013650894,
    0.045636970549821854,
    0.04569593444466591,
    0.04514019563794136,
    0.045743223279714584
  ],
  "val_masked_mae": [
    0.17129921913146973,
    0.1706293821334839,
    0.169498011469841,
    0.1759646236896515,
    0.17558784782886505,
    0.16646750271320343,
    0.16514073312282562,
    0.1670488864183426,
    0.16545727849006653,
    0.16105185449123383,
    0.1609964370727539,
    0.1617436408996582,
    0.16236042976379395,
    0.16720330715179443,
    0.16098877787590027,
    0.16660600900650024,
    0.15741124749183655,
    0.163846954703331,
    0.16324730217456818,
    0.158884659409523,
    0.15807479619979858,
    0.15737423300743103,
    0.15750712156295776,
    0.16166605055332184,
    0.15703392028808594,
    0.15877041220664978,
    0.1588081419467926,
    0.15792471170425415,
    0.1567523181438446,
    0.15786394476890564,
    0.15700489282608032,
    0.15946124494075775,
    0.15750116109848022,
    0.1572255939245224,
    0.15672527253627777,
    0.15672282874584198,
    0.1566639244556427,
    0.15641048550605774,
    0.1563616394996643,
    0.15649345517158508,
    0.1567447930574417,
    0.15598255395889282,
    0.15670636296272278,
    0.15686504542827606,
    0.15669941902160645,
    0.15845584869384766,
    0.15630249679088593,
    0.1569271981716156,
    0.1568525731563568,
    0.1568766087293625,
    0.15595649182796478,
    0.1569947749376297
  ],
  "val_masked_rmse": [
    0.22676143050193787,
    0.22711218893527985,
    0.224757120013237,
    0.23239842057228088,
    0.22969350218772888,
    0.22068016231060028,
    0.21754199266433716,
    0.2185550183057785,
    0.2180670201778412,
    0.21358473598957062,
    0.21353182196617126,
    0.2144884467124939,
    0.21401242911815643,
    0.22043658792972565,
    0.2131434828042984,
    0.2195468544960022,
    0.20917358994483948,
    0.21586471796035767,
    0.21576425433158875,
    0.2108120173215866,
    0.20980897545814514,
    0.2091362476348877,
    0.20916898548603058,
    0.21340729296207428,
    0.208686962723732,
    0.21040135622024536,
    0.21048185229301453,
    0.20951266586780548,
    0.20829620957374573,
    0.20933522284030914,
    0.20854948461055756,
    0.21102051436901093,
    0.20891760289669037,
    0.20878198742866516,
    0.20817799866199493,
    0.20815123617649078,
    0.20807592570781708,
    0.20782670378684998,
    0.20783546566963196,
    0.20789605379104614,
    0.20813415944576263,
    0.20744699239730835,
    0.20809492468833923,
    0.20833593606948853,
    0.20813360810279846,
    0.20981451869010925,
    0.20765233039855957,
    0.2082979679107666,
    0.20827136933803558,
    0.20827923715114594,
    0.2074170857667923,
    0.20841683447360992
  ],