{
  "loss": [
    0.08208714425563812,
    0.05934673175215721,
    0.0576929934322834,
    0.056344520300626755,
    0.05531127005815506,
    0.05470510944724083,
    0.053720735013484955,
    0.053716305643320084,
    0.052878934890031815,
    0.05274030938744545,
    0.05237646400928497,
    0.05216634273529053,
    0.05190229043364525,
    0.0517016276717186,
    0.051529090851545334,
    0.051266785711050034,
    0.05130484700202942,
    0.05107511579990387,
    0.05092575401067734,
    0.05074048414826393,
    0.05057426169514656,
    0.050856176763772964,
    0.05040688067674637,
    0.0503988191485405,
    0.05018044635653496,
    0.05014387518167496,
    0.049404360353946686,
    0.049558620899915695,
    0.04928233474493027,
    0.04913893714547157,
    0.0492209829390049,
    0.049065712839365005,
    0.04909433051943779,
    0.04909877851605415,
    0.04867779091000557,
    0.048677705228328705,
    0.0485108308494091,
    0.04861832410097122,
    0.04868210107088089,
    0.04844978079199791,
    0.04852442443370819,
    0.048529379069805145,
    0.04836496710777283,
    0.04856777936220169,
    0.0483781173825264,
    0.04816751182079315,
    0.048237357288599014,
    0.04815923050045967,
    0.04806852713227272,
    0.04813532903790474
  ],
  "masked_mae": [
    0.2108580619096756,
    0.1785203218460083,
    0.1756158471107483,
    0.17314912378787994,
    0.17151705920696259,
    0.17061160504817963,
    0.16890406608581543,
    0.16908715665340424,
    0.1674909144639969,
    0.16735471785068512,
    0.16675522923469543,
    0.16650348901748657,
    0.16589665412902832,
    0.1655694991350174,
    0.16521427035331726,
    0.16480402648448944,
    0.16484986245632172,
    0.16446875035762787,
    0.1642116755247116,
    0.16377978026866913,
    0.16364163160324097,
    0.1642853021621704,
    0.16327346861362457,
    0.16336026787757874,
    0.16301462054252625,
    0.162852942943573,
    0.16138315200805664,
    0.16158220171928406,
    0.16114646196365356,
    0.16087961196899414,
    0.16107821464538574,
    0.16079427301883698,
    0.16081050038337708,
    0.1608540415763855,
    0.1599627435207367,
    0.1599852740764618,
    0.15977828204631805,
    0.1598757654428482,
    0.15992338955402374,
    0.15967179834842682,
    0.159672811627388,
    0.15974532067775726,
    0.15952400863170624,
    0.15982270240783691,
    0.15954086184501648,
    0.15917421877384186,
    0.15919604897499084,
    0.15910199284553528,
    0.1589575856924057,
    0.15901818871498108
  ],
  "masked_rmse": [
    0.2776230275630951,
    0.24177953600883484,
    0.2385837733745575,
    0.23575586080551147,
    0.23348143696784973,
    0.2322114109992981,
    0.23016344010829926,
    0.230038121342659,
    0.22811414301395416,
    0.22789394855499268,
    0.22721374034881592,
    0.22667288780212402,
    0.22603148221969604,
    0.2256390005350113,
    0.22527538239955902,
    0.224797785282135,
    0.22473861277103424,
    0.22445785999298096,
    0.22385849058628082,
    0.22364506125450134,
    0.22329473495483398,
    0.22381305694580078,
    0.22276557981967926,
    0.2228512465953827,
    0.22236785292625427,
    0.2223338633775711,
    0.2206086665391922,
    0.22109387814998627,
    0.22046920657157898,
    0.2199999839067459,
    0.22028988599777222,
    0.21994853019714355,
    0.21992583572864532,
    0.2199787199497223,
    0.2189902365207672,
    0.21902644634246826,
    0.2187521606683731,
    0.21894747018814087,
    0.2191648930311203,
    0.21853205561637878,
    0.21872347593307495,
    0.21865850687026978,
    0.21834026277065277,
    0.21878169476985931,
    0.21844562888145447,
    0.2178908884525299,
    0.21811629831790924,
    0.21789762377738953,
    0.21768224239349365,
    0.21784622967243195
  ],
  "val_loss": [
    0.05539563298225403,
    0.05374964326620102,
    0.050771087408065796,
    0.04898063838481903,
    0.04819634556770325,
    0.04785647988319397,
    0.0477113276720047,
    0.051386356353759766,
    0.050364524126052856,
    0.04641159623861313,
    0.046002816408872604,
    0.04749942570924759,
    0.0463598407804966,
    0.045878924429416656,
    0.047714702785015106,
    0.047748714685440063,
    0.0454125739634037,
    0.051779456436634064,
    0.046127498149871826,
    0.04669027402997017,
    0.0448179729282856,
    0.04725932702422142,
    0.04564328119158745,
    0.04583567753434181,
    0.04644512012600899,
    0.045944102108478546,
    0.0450357161462307,
    0.04481189325451851,
    0.04429849237203598,
    0.04471759870648384,
    0.04421357437968254,
    0.04534468427300453,
    0.044981036335229874,
    0.04429604113101959,
    0.043813787400722504,
    0.04418375343084335,
    0.044172435998916626,
    0.04476321488618851,
    0.04395558312535286,
    0.04358447715640068,
    0.044060997664928436,
    0.04396357759833336,
    0.04383094981312752,
    0.044287823140621185,
    0.04456687346100807,
    0.04494835436344147,
    0.04380674660205841,
    0.043855153024196625,
    0.04381389915943146,
    0.04405752196907997
  ],
  "val_masked_mae": [
    0.17345094680786133,
    0.17081356048583984,
    0.16630101203918457,
    0.16254529356956482,
    0.1614619642496109,
    0.16051891446113586,
    0.1609092503786087,
    0.17047002911567688,
    0.16578315198421478,
    0.15796902775764465,
    0.15867604315280914,
    0.16002321243286133,
    0.15816088020801544,
    0.1583801805973053,
    0.1611381322145462,
    0.16035157442092896,
    0.15670694410800934,
    0.1674153357744217,
    0.15932966768741608,
    0.1596638709306717,
    0.15602023899555206,
    0.16142407059669495,
    0.15686239302158356,
    0.1584293097257614,
    0.1584469974040985,
    0.15797270834445953,
    0.15626995265483856,
    0.1555808186531067,
    0.154806986451149,
    0.1562647968530655,
    0.15467694401741028,
    0.15707553923130035,
    0.1568131297826767,
    0.15524454414844513,
    0.15391609072685242,
    0.1549755483865738,
    0.15434706211090088,
    0.15550383925437927,
    0.15425460040569305,
    0.15349739789962769,
    0.15451833605766296,
    0.15443064272403717,
    0.15385884046554565,
    0.15518639981746674,
    0.15486131608486176,
    0.15590566396713257,
    0.1539054811000824,
    0.15388259291648865,
    0.15401935577392578,
    0.15424662828445435
  ],
  "val_masked_rmse": [
    0.22859962284564972,
    0.2255990356206894,
    0.22066418826580048,
    0.21644605696201324,
    0.2146325558423996,
    0.2136642336845398,
    0.21377640962600708,
    0.22072914242744446,
    0.21723078191280365,
    0.21037672460079193,
    0.21016451716423035,
    0.2121412605047226,
    0.20985935628414154,
    0.2102237492799759,
    0.21228262782096863,
    0.2120307832956314,
    0.20825129747390747,
    0.21967168152332306,
    0.2105659693479538,
    0.21024851500988007,
    0.20720919966697693,
    0.2126757651567459,
    0.20836065709590912,
    0.20953886210918427,
    0.20935632288455963,
    0.20833800733089447,
    0.20718936622142792,
    0.20639514923095703,
    0.2058941274881363,
    0.20720478892326355,
    0.20560692250728607,
    0.20817363262176514,
    0.20776669681072235,
    0.20564788579940796,
    0.2047313004732132,
    0.20577360689640045,
    0.20517754554748535,
    0.20639406144618988,
    0.20526690781116486,
    0.20412634313106537,
    0.2051594853401184,
    0.20507390797138214,
    0.20464003086090088,
    0.20601727068424225,
    0.20567816495895386,
    0.2064022272825241,
    0.20447823405265808,
    0.20463280379772186,
    0.20481489598751068,
    0.20509497821331024
  ],