{
  "loss": [
    0.09306923300027847,
    0.06113635376095772,
    0.058190394192934036,
    0.05715674161911011,
    0.05647207796573639,
    0.05598617345094681,
    0.055116064846515656,
    0.05499816685914993,
    0.05427530035376549,
    0.054052941501140594,
    0.0536385104060173,
    0.053373564034700394,
    0.05307305231690407,
    0.0526881143450737,
    0.052465662360191345,
    0.05215983837842941,
    0.052120428532361984,
    0.05187654495239258,
    0.05166969448328018,
    0.05086738243699074,
    0.05071982741355896,
    0.05082416161894798,
    0.050699632614851,
    0.0506240613758564,
    0.050541963428258896,
    0.05056002363562584,
    0.050040408968925476,
    0.050241392105817795,
    0.049994055181741714,
    0.049888212233781815,
    0.05001353099942207,
    0.04991116002202034,
    0.04989735409617424,
    0.04989005625247955,
    0.04966803267598152,
    0.04972199723124504,
    0.04953780397772789,
    0.04966588690876961,
    0.04973756894469261,
    0.04945836588740349,
    0.04950564354658127,
    0.049482788890600204,
    0.049340248107910156,
    0.04958897829055786,
    0.049445729702711105,
    0.04935995861887932,
    0.0494278147816658,
    0.049393653869628906,
    0.0493353009223938,
    0.04938644915819168,
    0.04935507848858833,
    0.04947276785969734,
    0.04910608381032944,
    0.04960954189300537,
    0.049208205193281174,
    0.04931442067027092,
    0.04937450587749481,
    0.04924238100647926,
    0.04952501505613327,
    0.049138471484184265,
    0.04930735379457474
  ],
  "masked_mae": [
    0.22664766013622284,
    0.18191459774971008,
    0.17625407874584198,
    0.17431184649467468,
    0.17329226434230804,
    0.17255128920078278,
    0.17115940153598785,
    0.17095978558063507,
    0.1696571558713913,
    0.16931582987308502,
    0.16864463686943054,
    0.1682157665491104,
    0.16754268109798431,
    0.1670345664024353,
    0.166542649269104,
    0.16606280207633972,
    0.16600994765758514,
    0.1656229943037033,
    0.16521106660366058,
    0.16357015073299408,
    0.16337142884731293,
    0.16351887583732605,
    0.1633414775133133,
    0.16318577527999878,
    0.16315430402755737,
    0.16311056911945343,
    0.16211403906345367,
    0.16238819062709808,
    0.16201385855674744,
    0.16184815764427185,
    0.16207361221313477,
    0.16187521815299988,
    0.161875382065773,
    0.1618550717830658,
    0.16140897572040558,
    0.1614864468574524,
    0.1612878292798996,
    0.16138465702533722,
    0.1614568829536438,
    0.16109970211982727,
    0.16105952858924866,
    0.1610826849937439,
    0.1608748733997345,
    0.16124457120895386,
    0.16100811958312988,
    0.16094571352005005,
    0.1609686315059662,
    0.16093619167804718,
    0.16081097722053528,
    0.16090483963489532,
    0.16088645160198212,
    0.16099701821804047,
    0.1605086326599121,
    0.16121195256710052,
    0.16064074635505676,
    0.16079135239124298,
    0.16089387238025665,
    0.16060727834701538,
    0.16112656891345978,
    0.16052256524562836,
    0.16079162061214447
  ],
  "masked_rmse": [
    0.2944551110267639,
    0.24539287388324738,
    0.23962697386741638,
    0.23746874928474426,
    0.23595663905143738,
    0.23497797548770905,
    0.23320147395133972,
    0.23284019529819489,
    0.23118871450424194,
    0.23074255883693695,
    0.2299911081790924,
    0.2293485403060913,
    0.22861221432685852,
    0.2278319150209427,
    0.2273690551519394,
    0.22677704691886902,
    0.22656933963298798,
    0.22624419629573822,
    0.2255074828863144,
    0.2239813357591629,
    0.22364231944084167,
    0.22377528250217438,
    0.22344960272312164,
    0.22335296869277954,
    0.22317679226398468,
    0.2232712209224701,
    0.22201794385910034,
    0.222614586353302,
    0.22207501530647278,
    0.22169747948646545,
    0.22206087410449982,
    0.22184741497039795,
    0.2217273712158203,
    0.22175468504428864,
    0.2212163358926773,
    0.2213623821735382,
    0.2210676223039627,
    0.22130174934864044,
    0.22152107954025269,
    0.22079244256019592,
    0.2209208607673645,
    0.2208026796579361,
    0.22053004801273346,
    0.221048504114151,
    0.2208075076341629,
    0.22056391835212708,
    0.2207861840724945,
    0.2206587791442871,
    0.22051534056663513,
    0.22064459323883057,
    0.2205827385187149,
    0.220814049243927,
    0.22009679675102234,
    0.22105270624160767,
    0.22022782266139984,
    0.22046737372875214,
    0.22075147926807404,
    0.2203597128391266,
    0.2209429144859314,
    0.22004221379756927,
    0.22050097584724426
  ],
  "val_loss": [
    0.0708390474319458,
    0.05389143526554108,
    0.05184696614742279,
    0.049979399889707565,
    0.050104837864637375,
    0.04943755641579628,
    0.04955456778407097,
    0.05003330856561661,
    0.05165424570441246,
    0.04840098321437836,
    0.048048149794340134,
    0.05019097775220871,
    0.04773848503828049,
    0.0467839390039444,
    0.04811200127005577,
    0.04923120141029358,
    0.0468008816242218,
    0.05348214879631996,
    0.04700286313891411,
    0.04599035531282425,
    0.045302871614694595,
    0.0452248752117157,
    0.04546508193016052,
    0.04679381847381592,
    0.04619736596941948,
    0.04588676244020462,
    0.04581645131111145,
    0.04570718854665756,
    0.04497852921485901,
    0.045379526913166046,
    0.0453738234937191,
    0.045951999723911285,
    0.04532698914408684,
    0.04512251913547516,
    0.04490429162979126,
    0.04516676813364029,
    0.0452771820127964,
    0.045277949422597885,
    0.04499627649784088,
    0.044836387038230896,
    0.0448782779276371,
    0.04482916370034218,
    0.04485563188791275,
    0.04489951208233833,
    0.045198746025562286,
    0.045159365981817245,
    0.04489918425679207,
    0.04502261057496071,
    0.04501254856586456,
    0.04498707503080368,
    0.044824108481407166,
    0.044980477541685104,
    0.044966038316488266,
    0.045006636530160904,
    0.04492656886577606,
    0.04494776949286461,
    0.044887758791446686,
    0.04491562768816948,
    0.04489060491323471,
    0.044866424053907394,
    0.04491421580314636
  ],
  "val_masked_mae": [
    0.2025105208158493,
    0.17130757868289948,
    0.1682899296283722,
    0.16421034932136536,
    0.16508573293685913,
    0.16313323378562927,
    0.1641920655965805,
    0.16546224057674408,
    0.16746273636817932,
    0.16175015270709991,
    0.16205278038978577,
    0.16546297073364258,
    0.1605241447687149,
    0.15965275466442108,
    0.1612338125705719,
    0.16315118968486786,
    0.15909253060817719,
    0.17165176570415497,
    0.16048242151737213,
    0.15767769515514374,
    0.15639710426330566,
    0.15612921118736267,
    0.1567072868347168,
    0.15917129814624786,
    0.15793977677822113,
    0.1574030965566635,
    0.15699432790279388,
    0.15706774592399597,
    0.1556672751903534,
    0.15700663626194,
    0.15626537799835205,
    0.1576077938079834,
    0.15674777328968048,
    0.1559729129076004,
    0.1556326150894165,
    0.1562051624059677,
    0.15618039667606354,
    0.15621833503246307,
    0.15578289330005646,
    0.15550416707992554,
    0.1555539220571518,
    0.15553608536720276,
    0.15546943247318268,
    0.155788853764534,
    0.15601910650730133,
    0.1560830920934677,
    0.1555432677268982,
    0.15573543310165405,
    0.15577776730060577,
    0.15571264922618866,
    0.15541622042655945,
    0.1557091474533081,
    0.15569067001342773,
    0.15576142072677612,
    0.15562421083450317,
    0.15564502775669098,
    0.15554510056972504,
    0.15561024844646454,
    0.1555577516555786,
    0.1555224359035492,
    0.15560175478458405
  ],