{
  "loss": [
    0.06883136928081512,
    0.06222984939813614,
    0.060275498777627945,
    0.05872995778918266,
    0.05777841806411743,
    0.05728091299533844,
    0.055669624358415604,
    0.0556383840739727,
    0.05476097762584686,
    0.054301440715789795,
    0.05356443300843239,
    0.05343874916434288,
    0.05200748145580292,
    0.05189444497227669,
    0.05178694427013397,
    0.05160508677363396,
    0.05169181153178215,
    0.05138586089015007,
    0.05135762318968773,
    0.05075008422136307,
    0.050582099705934525,
    0.05064046010375023,
    0.05052475258708,
    0.05054771527647972,
    0.05045156553387642,
    0.05034304037690163,
    0.04994012787938118,
    0.050098977982997894,
    0.04992030933499336,
    0.04976734519004822,
    0.049914728850126266,
    0.04962918534874916
  ],
  "masked_mae": [
    0.1913600116968155,
    0.18281011283397675,
    0.17998437583446503,
    0.17734311521053314,
    0.17619173228740692,
    0.17525264620780945,
    0.17259250581264496,
    0.17258965969085693,
    0.17100372910499573,
    0.17003101110458374,
    0.1688607633113861,
    0.16872619092464447,
    0.16567328572273254,
    0.16570143401622772,
    0.16549010574817657,
    0.1651923805475235,
    0.16528861224651337,
    0.16484485566616058,
    0.16468320786952972,
    0.16342070698738098,
    0.16311919689178467,
    0.16336484253406525,
    0.1630845069885254,
    0.16314473748207092,
    0.16297651827335358,
    0.16274072229862213,
    0.1619846075773239,
    0.16227416694164276,
    0.1619759052991867,
    0.16168205440044403,
    0.16200780868530273,
    0.161388099193573
  ],
  "masked_rmse": [
    0.25893768668174744,
    0.2475709766149521,
    0.24388965964317322,
    0.24062369763851166,
    0.23862119019031525,
    0.23757034540176392,
    0.23432691395282745,
    0.23413072526454926,
    0.2320997565984726,
    0.2312074899673462,
    0.22980211675167084,
    0.22942763566970825,
    0.22625035047531128,
    0.22601017355918884,
    0.22583496570587158,
    0.22550638020038605,
    0.22557920217514038,
    0.22514942288398743,
    0.22477003931999207,
    0.22364725172519684,
    0.2232724279165268,
    0.2233559787273407,
    0.2230140119791031,
    0.22312594950199127,
    0.22291900217533112,
    0.2227553129196167,
    0.2217370867729187,
    0.22224047780036926,
    0.22184117138385773,
    0.22136984765529633,
    0.22180776298046112,
    0.22118259966373444
  ],
  "val_loss": [
    0.056183286011219025,
    0.05815773829817772,
    0.05305584520101547,
    0.057322945445775986,
    0.05143442377448082,
    0.05143113061785698,
    0.04774586483836174,
    0.05238427221775055,
    0.054851654917001724,
    0.04962707683444023,
    0.04805394634604454,
    0.048670124262571335,
    0.0465087853372097,
    0.046033915132284164,
    0.047061361372470856,
    0.04894184321165085,
    0.04870053753256798,
    0.05363517999649048,
    0.048066072165966034,
    0.045718003064394,
    0.04493667557835579,
    0.044873084872961044,
    0.045045994222164154,
    0.047081198543310165,
    0.044975511729717255,
    0.04628196358680725,
    0.04626546800136566,
    0.04525476321578026,
    0.04494102671742439,
    0.046491749584674835,
    0.04493499919772148,
    0.045843806117773056
  ],
  "val_masked_mae": [
    0.17712686955928802,
    0.17905716598033905,
    0.17002244293689728,
    0.17732453346252441,
    0.16812054812908173,
    0.16648052632808685,
    0.16168589890003204,
    0.16999651491641998,
    0.17351126670837402,
    0.16351622343063354,
    0.16277602314949036,
    0.16259056329727173,
    0.15889573097229004,
    0.1588389277458191,
    0.1609276831150055,
    0.16266727447509766,
    0.16293399035930634,
    0.17001685500144958,
    0.16415457427501678,
    0.15731361508369446,
    0.15582887828350067,
    0.15576349198818207,
    0.15591715276241302,
    0.1600712239742279,
    0.15565340220928192,
    0.15876998007297516,
    0.1579800695180893,
    0.15644526481628418,
    0.15574507415294647,
    0.15948601067066193,
    0.1557627171278,
    0.15748421847820282
  ],
  "val_masked_rmse": [
    0.23240776360034943,
    0.23633253574371338,
    0.22590693831443787,
    0.23477114737033844,
    0.22209963202476501,
    0.2204495519399643,
    0.21377438306808472,
    0.22324436902999878,
    0.22718167304992676,
    0.21714414656162262,
    0.21460868418216705,
    0.21490439772605896,
    0.2104109823703766,
    0.21031588315963745,
    0.2121066302061081,
    0.21452495455741882,
    0.21469227969646454,
    0.22323329746723175,
    0.21486462652683258,
    0.20885847508907318,
    0.20707237720489502,
    0.20720401406288147,
    0.2071744054555893,
    0.21141989529132843,
    0.20677849650382996,
    0.20984973013401031,
    0.20900358259677887,
    0.2073359191417694,
    0.20683519542217255,
    0.21078304946422577,
    0.20684900879859924,
    0.20860286056995392
  ],
  "learning_rate": [
    0.0003000000142492354,
    0.0003000000142492354,
    0.0003000000142492354,
    0.0003000000142492354,
    0.0003000000142492354,
    0.0003000000142492354,
    0.0003000000142492354,
    0.0003000000142492354,
    0.0003000000142492354,
    0.0003000000142492354,
    0.0003000000142492354,
    0.0003000000142492354,
    0.0001500000071246177,
    0.0001500000071246177,
    0.0001500000071246177,
    0.0001500000071246177,
    0.0001500000071246177,
    0.0001500000071246177,
    0.0001500000071246177,
    7.500000356230885e-05,
    7.500000356230885e-05,
    7.500000356230885e-05,
    7.500000356230885e-05,
    7.500000356230885e-05,
    7.500000356230885e-05,
    7.500000356230885e-05,
    3.7500001781154424e-05,
    3.7500001781154424e-05,
    3.7500001781154424e-05,
    3.7500001781154424e-05,
    3.7500001781154424e-05,
    1.8750000890577212e-05
  ]
}