{
  "loss": [
    0.18714872002601624,
    0.11525145918130875,
    0.07844149321317673,
    0.06954608857631683,
    0.06603899598121643,
    0.06460148096084595,
    0.06267429143190384,
    0.0617130845785141,
    0.061041057109832764,
    0.060394272208213806,
    0.059492383152246475,
    0.0591457262635231,
    0.05854664370417595,
    0.05794176831841469,
    0.057751208543777466,
    0.057336270809173584,
    0.05674128979444504,
    0.056373387575149536,
    0.05452632158994675,
    0.05445133522152901,
    0.0539117269217968,
    0.054303839802742004,
    0.054018035531044006,
    0.05391227453947067,
    0.053700756281614304,
    0.05356011912226677,
    0.05384499579668045,
    0.05271376296877861,
    0.05246816948056221,
    0.052342627197504044,
    0.052308157086372375,
    0.05234615504741669,
    0.05204589292407036,
    0.05233099311590195,
    0.05166272446513176,
    0.05158581584692001,
    0.051494378596544266,
    0.051530446857213974,
    0.051528580486774445,
    0.05144228786230087,
    0.05149998515844345,
    0.051210254430770874,
    0.051234468817710876,
    0.05132559686899185,
    0.051176223903894424
  ],
  "masked_mae": [
    0.33325034379959106,
    0.25828641653060913,
    0.20998093485832214,
    0.19689497351646423,
    0.19147926568984985,
    0.18925808370113373,
    0.18578572571277618,
    0.18427810072898865,
    0.18319948017597198,
    0.18194769322872162,
    0.18048220872879028,
    0.18005773425102234,
    0.17887233197689056,
    0.177765354514122,
    0.17756743729114532,
    0.17684274911880493,
    0.17584624886512756,
    0.17515374720096588,
    0.17143987119197845,
    0.17138829827308655,
    0.17042337357997894,
    0.17117290198802948,
    0.17051975429058075,
    0.1705043762922287,
    0.17003712058067322,
    0.16980202496051788,
    0.17034268379211426,
    0.1679999828338623,
    0.16751080751419067,
    0.16736748814582825,
    0.16726996004581451,
    0.16714051365852356,
    0.16668522357940674,
    0.16726970672607422,
    0.16578537225723267,
    0.16563190519809723,
    0.16545388102531433,
    0.16556058824062347,
    0.16544711589813232,
    0.1655203402042389,
    0.16532810032367706,
    0.1648898869752884,
    0.1649377942085266,
    0.16498634219169617,
    0.1648920476436615
  ],
  "masked_rmse": [
    0.40460190176963806,
    0.3264760375022888,
    0.2749696671962738,
    0.26063671708106995,
    0.2545038163661957,
    0.25185397267341614,
    0.24836142361164093,
    0.24641534686088562,
    0.24496327340602875,
    0.24360807240009308,
    0.24197910726070404,
    0.24121840298175812,
    0.2400028556585312,
    0.2387758493423462,
    0.23847568035125732,
    0.23767541348934174,
    0.2363501787185669,
    0.2357814759016037,
    0.23162582516670227,
    0.23164595663547516,
    0.23055322468280792,
    0.2312251478433609,
    0.2305273562669754,
    0.23049473762512207,
    0.2299855500459671,
    0.229791522026062,
    0.23018880188465118,
    0.22801248729228973,
    0.22744576632976532,
    0.22709445655345917,
    0.2270767092704773,
    0.2271505892276764,
    0.22641919553279877,
    0.22710292041301727,
    0.22558793425559998,
    0.22541676461696625,
    0.22535233199596405,
    0.225350022315979,
    0.22548021376132965,
    0.2252069115638733,
    0.22526884078979492,
    0.22459076344966888,
    0.22464683651924133,
    0.22486278414726257,
    0.22461746633052826
  ],
  "val_loss": [
    0.09388692677021027,
    0.0581866130232811,
    0.054008711129426956,
    0.055044274777173996,
    0.05408892408013344,
    0.05327693745493889,
    0.052819330245256424,
    0.0546659417450428,
    0.05690417438745499,
    0.050618138164281845,
    0.052471764385700226,
    0.051358405500650406,
    0.04976985976099968,
    0.05134297534823418,
    0.053665246814489365,
    0.055666811764240265,
    0.055225763469934464,
    0.053461454808712006,
    0.049590103328228,
    0.04951655864715576,
    0.05011535435914993,
    0.04723852500319481,
    0.0491589680314064,
    0.048643145710229874,
    0.04797617346048355,
    0.048761337995529175,
    0.04742293804883957,
    0.047257501631975174,
    0.046530645340681076,
    0.04759258031845093,
    0.04760297015309334,
    0.04966100677847862,
    0.047226641327142715,
    0.04686150327324867,
    0.04628010839223862,
    0.046804673969745636,
    0.046922534704208374,
    0.04718761146068573,
    0.04651815816760063,
    0.04629956930875778,
    0.04669034481048584,
    0.046287477016448975,
    0.04642890766263008,
    0.046580519527196884,
    0.046730250120162964
  ],
  "val_masked_mae": [
    0.23765555024147034,
    0.1795150190591812,
    0.17206695675849915,
    0.1736423671245575,
    0.17352060973644257,
    0.17068061232566833,
    0.17018258571624756,
    0.17552724480628967,
    0.17667165398597717,
    0.16577473282814026,
    0.17141900956630707,
    0.1665365844964981,
    0.16422975063323975,
    0.16925249993801117,
    0.17263516783714294,
    0.1746358424425125,
    0.17510782182216644,
    0.172907292842865,
    0.16511821746826172,
    0.16393598914146423,
    0.16558519005775452,
    0.16033358871936798,
    0.16315963864326477,
    0.1619538813829422,
    0.1611151248216629,
    0.1621948629617691,
    0.16057389974594116,
    0.1597524881362915,
    0.15816311538219452,
    0.16057786345481873,
    0.16134245693683624,
    0.16435419023036957,
    0.15975362062454224,
    0.15895675122737885,
    0.15783314406871796,
    0.15877695381641388,
    0.15890346467494965,
    0.15928371250629425,
    0.15833260118961334,
    0.15795932710170746,
    0.15857547521591187,
    0.15802150964736938,
    0.15802408754825592,
    0.1587780863046646,
    0.1585080623626709
  ],
  "val_masked_rmse": [
    0.29234495759010315,
    0.2360432893037796,
    0.22734254598617554,
    0.2293112725019455,
    0.22790387272834778,
    0.22530198097229004,
    0.2246318906545639,
    0.22841371595859528,
    0.23189784586429596,
    0.21973204612731934,
    0.2246299535036087,
    0.22098703682422638,
    0.21769237518310547,
    0.22269143164157867,
    0.22507336735725403,
    0.2280760258436203,
    0.2292092740535736,
    0.22542230784893036,
    0.21763475239276886,
    0.21654781699180603,
    0.21717673540115356,
    0.21324141323566437,
    0.21551723778247833,
    0.21496239304542542,
    0.21355628967285156,
    0.21453213691711426,
    0.21306273341178894,
    0.21219678223133087,
    0.2106781005859375,
    0.21280434727668762,
    0.21342308819293976,
    0.21683159470558167,
    0.2121625393629074,
    0.21130375564098358,
    0.21012429893016815,
    0.2111302763223648,
    0.2110375463962555,
    0.21134258806705475,
    0.21077477931976318,
    0.2100813239812851,
    0.21070565283298492,
    0.21030668914318085,
    0.21018090844154358,
    0.2110300362110138,
    0.21077141165733337
  ],