{
  "loss": [
    0.10474445670843124,
    0.06290135532617569,
    0.058639414608478546,
    0.057753998786211014,
    0.057290561497211456,
    0.0569709874689579,
    0.05636599287390709,
    0.05598806217312813,
    0.0554487481713295,
    0.05510404333472252,
    0.05478381738066673,
    0.05441921949386597,
    0.054233673959970474,
    0.0539621002972126,
    0.0537397526204586,
    0.05343150720000267,
    0.053387776017189026,
    0.05318368598818779,
    0.05302033573389053,
    0.05282124504446983,
    0.052603788673877716,
    0.052711937576532364,
    0.05249868333339691,
    0.0523398332297802,
    0.05222010985016823,
    0.05218272656202316,
    0.05159144103527069,
    0.05178847536444664,
    0.05150824040174484,
    0.05136282369494438,
    0.051488179713487625,
    0.05137966200709343,
    0.051357779651880264,
    0.05134925618767738,
    0.0513283833861351,
    0.051319658756256104,
    0.05116739496588707,
    0.051233455538749695,
    0.05133846029639244,
    0.05108237266540527,
    0.050898753106594086,
    0.050892286002635956,
    0.050754986703395844,
    0.0509612038731575,
    0.050799254328012466,
    0.050791844725608826,
    0.050849247723817825,
    0.05067767575383186,
    0.050593920052051544,
    0.050631698220968246,
    0.05062398314476013,
    0.050745148211717606,
    0.0503636971116066,
    0.050875548273324966,
    0.050436411052942276,
    0.05058354139328003,
    0.050582077354192734,
    0.05043138936161995,
    0.05072929710149765,
    0.050303537398576736,
    0.050503626465797424,
    0.05055368319153786,
    0.050520941615104675,
    0.05045178905129433,
    0.05040118098258972,
    0.050489332526922226,
    0.05036575719714165,
    0.05048193410038948,
    0.05044897273182869,
    0.05032816156744957
  ],
  "masked_mae": [
    0.23581749200820923,
    0.18450583517551422,
    0.17615962028503418,
    0.17429833114147186,
    0.17339591681957245,
    0.17283250391483307,
    0.17196476459503174,
    0.17142266035079956,
    0.1705988347530365,
    0.17003150284290314,
    0.16958968341350555,
    0.1689554750919342,
    0.1686290204524994,
    0.16823038458824158,
    0.16775807738304138,
    0.16731145977973938,
    0.1671684980392456,
    0.1669158637523651,
    0.16655811667442322,
    0.16630221903324127,
    0.16599959135055542,
    0.1662229299545288,
    0.16579057276248932,
    0.1656068116426468,
    0.16545112431049347,
    0.16531090438365936,
    0.16429753601551056,
    0.16458913683891296,
    0.16415679454803467,
    0.16391661763191223,
    0.16414675116539001,
    0.16393114626407623,
    0.16391810774803162,
    0.1639101654291153,
    0.1638718694448471,
    0.16385267674922943,
    0.16366642713546753,
    0.16370221972465515,
    0.16382674872875214,
    0.16353531181812286,
    0.16308178007602692,
    0.1631302535533905,
    0.1629420965909958,
    0.1632499247789383,
    0.16296802461147308,
    0.1630452424287796,
    0.16306544840335846,
    0.16277535259723663,
    0.1626460701227188,
    0.16269566118717194,
    0.16275329887866974,
    0.1628698855638504,
    0.16233928501605988,
    0.16304723918437958,
    0.16243335604667664,
    0.16267457604408264,
    0.1626238375902176,
    0.16233937442302704,
    0.1628563404083252,
    0.16222916543483734,
    0.16253402829170227,
    0.1625365912914276,
    0.16254200041294098,
    0.16239993274211884,
    0.1623488962650299,
    0.1625342220067978,
    0.1621948927640915,
    0.16250893473625183,
    0.1624464988708496,
    0.16220839321613312
  ],
  "masked_rmse": [
    0.3060128092765808,
    0.24897298216819763,
    0.24054530262947083,
    0.23871687054634094,
    0.23769906163215637,
    0.23705601692199707,
    0.23584693670272827,
    0.2349509596824646,
    0.23366452753543854,
    0.23302744328975677,
    0.2324620485305786,
    0.23160818219184875,
    0.2311348170042038,
    0.230587899684906,
    0.23013237118721008,
    0.22954638302326202,
    0.22933410108089447,
    0.2291010022163391,
    0.22847837209701538,
    0.22825537621974945,
    0.2277780920267105,
    0.22790707647800446,
    0.22740258276462555,
    0.2271275520324707,
    0.22685739398002625,
    0.22685272991657257,
    0.2254425436258316,
    0.22602523863315582,
    0.22542834281921387,
    0.2249741554260254,
    0.22532176971435547,
    0.2250981628894806,
    0.22495660185813904,
    0.22498977184295654,
    0.22487153112888336,
    0.22491201758384705,
    0.22466441988945007,
    0.22476549446582794,
    0.22507674992084503,
    0.22438421845436096,
    0.2240169644355774,
    0.2239392101764679,
    0.2236754298210144,
    0.22410866618156433,
    0.2238222062587738,
    0.22375105321407318,
    0.2239479422569275,
    0.22352096438407898,
    0.22333669662475586,
    0.22343403100967407,
    0.22343263030052185,
    0.223652184009552,
    0.22291199862957,
    0.22386127710342407,
    0.22299076616764069,
    0.22330306470394135,
    0.2234409600496292,
    0.22303137183189392,
    0.22362525761127472,
    0.22264908254146576,
    0.2231854945421219,
    0.22323012351989746,
    0.22313137352466583,
    0.22306302189826965,
    0.22292430698871613,
    0.2231236845254898,
    0.22282490134239197,
    0.22310838103294373,
    0.2231203019618988,
    0.22278067469596863
  ],
  "val_loss": [
    0.06911306083202362,
    0.054469361901283264,
    0.05253631994128227,
    0.051948823034763336,
    0.05134386569261551,
    0.05077088996767998,
    0.050242166966199875,
    0.050792425870895386,
    0.050794973969459534,
    0.049187175929546356,
    0.04935884103178978,
    0.04994137957692146,
    0.04897872358560562,
    0.04806560277938843,
    0.04896803945302963,
    0.05090688169002533,
    0.0478224940598011,
    0.05301084369421005,
    0.04834892228245735,
    0.047720663249492645,
    0.046868156641721725,
    0.0473201759159565,
    0.04781337454915047,
    0.048058848828077316,
    0.047380052506923676,
    0.04705769941210747,
    0.04723240062594414,
    0.047218360006809235,
    0.04651681333780289,
    0.04685584828257561,
    0.04674365743994713,
    0.04744122177362442,
    0.047036800533533096,
    0.046388886868953705,
    0.04607392102479935,
    0.04701133072376251,
    0.04660838842391968,
    0.047005388885736465,
    0.046198297291994095,
    0.04598052799701691,
    0.04617743566632271,
    0.04595566540956497,
    0.0460253544151783,
    0.046234071254730225,
    0.04638907313346863,
    0.04721076041460037,
    0.04614133760333061,
    0.04606785997748375,
    0.04614333063364029,
    0.04625209420919418,
    0.04584543779492378,
    0.0462883822619915,
    0.04611752927303314,
    0.046252232044935226,
    0.04594770818948746,
    0.046244066208601,
    0.04598979651927948,
    0.046042680740356445,
    0.04598306864500046,
    0.04582163318991661,
    0.046095266938209534,
    0.045970186591148376,
    0.04598867520689964,
    0.04594694450497627,
    0.045978009700775146,
    0.045905452221632004,
    0.045936908572912216,
    0.04594722017645836,
    0.04592892900109291,
    0.0459471270442009
  ],